关键词,权重
剧情,0.185985213
原神,0.137384655
黄毛,0.11289871
doge,0.098241541
散兵,0.091233222
勇者,0.07134028
摄像头,0.069836923
主角,0.04891588
玩家,0.04859191
妮露,0.046818234
角色,0.042830211
旅行者,0.041278791
吃瓜,0.039143114
阿帽,0.03760809
开朗,0.03720478
游戏,0.034615453
米哈,0.033917644
脱单,0.022257849
节奏,0.021464805
杜林,0.021105298
成品,0.019031998
阳光,0.01865803
现在,0.018530019
策划,0.018134603
大笑,0.017997585
大哭,0.017256219
世界级,0.017095736
up,0.016885265
瓦特,0.016588887
星星,0.01546437
入坑,0.015350241
见证者,0.015265362
心心,0.015178783
文案,0.014388567
编剧,0.014334506
须弥,0.013993357
喜极而泣,0.012773414
call,0.012280193
少女,0.011951451
世界,0.011776851
嗑瓜子,0.011512681
洗白,0.011512681
元素,0.011423643
男孩,0.011149126
评论,0.010877319
mhy,0.010745169
鸣潮,0.010745169
乐子,0.010143858
风之翼,0.009977656
二游,0.009977656
意难平,0.009977656
稻妻,0.009977656
仙女,0.009893087
黑椒,0.009816863
桃子,0.00956316
赤石,0.009328905
散宝,0.009210144
支持,0.009126658
希望,0.009023121
衣服,0.008986589
代入,0.008984809
新人,0.00878153
版本,0.008761606
姐妹,0.008632295
背叛,0.008520673
超神,0.008442632
tv,0.008442632
问题,0.008397275
玩法,0.00799254
后宫,0.007972737
学长,0.00789114
任务,0.007581102
射手,0.007558704
草地,0.007452291
滑稽,0.007425366
崩坏,0.00738494
身份,0.007205088
三连,0.007097832
传奇,0.007039775
活动,0.00695799
下大棋,0.006907608
点赞,0.006907608
三度,0.00690222
堂主,0.006830452
蒙德,0.006762396
蒸蒸日上,0.006679616
卸载,0.006361887
纳塔,0.006301009
致敬,0.006161153
逆天,0.006140096
大棋,0.006140096
cp,0.006140096
AI,0.006140096
枫丹,0.006140096
草神,0.006140096
深渊,0.006071591
顶级,0.006047415
纯纯,0.005935588
很多,0.005926256
不能,0.005892
出来,0.005890673
如果,0.005856506
童话,0.005809352
隔壁,0.005803035
时候,0.005782208
善良,0.005763337
魔女,0.005748653
这里,0.005745792
开心,0.00574319
一样,0.005685142
灵魂,0.005677812
之前,0.005668332
跳过,0.005656666
不要,0.005654403
两个,0.005580061
以后,0.005579065
门槛,0.0055366
一遍,0.00549412
解决,0.005485208
结果,0.005397758
大雨,0.005374453
原石,0.005372584
2022,0.005372584
米游,0.005372584
女主,0.005372584
www,0.005372584
bilibili,0.005372584
男主,0.005372584
MHY,0.005372584
害羞,0.005371056
救赎,0.005359498
猪猪,0.005354652
游戏性,0.005354652
之后,0.005338982
发现,0.005334355
公主,0.005301615
罢了,0.005296033
带入,0.005265708
博士,0.00518637
飞舞,0.00518078
作为,0.005123765
流浪者,0.005120109
故事,0.005108171
仙子,0.005100352
简直,0.005100139
教令,0.005094382
人家,0.005076736
白蚁,0.004964854
虽然,0.004939287
其他,0.004932524
继续,0.004931539
吃得住,0.004931458
扮演,0.004923106
嫌弃,0.004851736
甚至,0.004828131
弹幕,0.004820641
微笑,0.004805054
永远,0.004794512
偷笑,0.004734684
绷住,0.004734684
高洁,0.004718565
雷神,0.004718565
这些,0.004689424
好像,0.004687988
老米,0.004664452
理解,0.004656074
原谅,0.004626122
但凡,0.004620135
眼睛,0.00461423
其实,0.004608785
好活,0.004605072
mxz,0.004605072
有个,0.004605072
UP,0.004605072
&#,0.004605072
34,0.004605072
星穹,0.004605072
傲娇,0.004605072
away,0.004605072
爆米,0.004605072
ml,0.004605072
TM,0.004605072
位格,0.004605072
三女,0.004605072
哔哩,0.004605072
b23,0.004605072
video,0.004605072
官方,0.004517097
热乎,0.004430109
只能,0.004417862
万叶,0.004397446
十分,0.004370978
有没有,0.004361359
接受,0.004360259
打败,0.004359343
完全,0.00433527
一定,0.004316954
所有,0.00431537
小心,0.00431228
无敌,0.004294948
以为,0.004275636
晕倒,0.004266674
设计,0.004258185
反派,0.004239705
黄色,0.004230408
只要,0.004225301
原来,0.004209586
系列,0.004208598
只有,0.004205809
升职,0.004181878
皮肤,0.004171948
错误,0.004168045
建模,0.004163958
愚人,0.004163958
换成,0.004148758
一集,0.004146835
助攻,0.004146835
有意思,0.004122109
伤害,0.004117751
科比,0.004114716
视角,0.004095551
哥哥,0.004082219
就行了,0.004073945
一段,0.004055548
几个,0.004010867
遭到,0.003993942
小说,0.003991869
小丑,0.003974252
名字,0.003966927
好看,0.003901504
有些,0.003894598
国家,0.003852509
完美,0.003852296
一切,0.003849349
多来点,0.00383756
长离,0.00383756
我要,0.00383756
黑化,0.00383756
fvv,0.00383756
米桑,0.00383756
退坑,0.00383756
Mygo,0.00383756
捂脸,0.00383756
绝区,0.00383756
续上,0.00383756
维娅,0.00383756
bug,0.00383756
邪龙,0.00383756
破防,0.00383756
卡池,0.00383756
退游,0.00383756
二创,0.00383756
http,0.00383756
尘白,0.00383756
sc,0.00383756
61,0.00383756
一句,0.003808138
黑子,0.003797237
愿意,0.003788951
审美,0.003758565
朋友,0.003753922
擅自,0.003708393
本来,0.003687096
确实,0.003678326
赎罪,0.003661875
养成,0.003657575
提纯,0.003638802
麻烦,0.003625061
纳维亚,0.003569768
前面,0.003557824
单独,0.00355593
想要,0.003549739
资格,0.003549739
为了,0.003549171
突然,0.00352905
换个,0.003526867
全是,0.00351674
坠落,0.003510472
直播,0.003507275
打压,0.003506563
反正,0.003500142
独一无二,0.003494747
闪现,0.003494747
铁道,0.003476687
可惜,0.003474571
书上,0.003456635
个人,0.003452939
一起,0.003440663
别的,0.003435847
各位,0.00343484
太好了,0.003432298
导师,0.003429686
有趣,0.003408102
那些,0.003394128
封神,0.003391764
趣味无穷,0.003391764
难过,0.00338057
并且,0.003376101
更是,0.003373044
感谢,0.003367042
贤者,0.003359878
高级,0.003358982
家园,0.00335643
记忆,0.00335319
学习,0.003338089
快乐,0.003336974
无条件,0.00331757
见证,0.003302312
我会,0.003299142
要命,0.003294904
一次,0.003294258
记得,0.003292321
绝杀,0.003287639
黑糖,0.003287639
无辜,0.003282273
老师,0.003273457
各种,0.003268376
下次,0.003241865
想到,0.003240444
遗物,0.003238681
成为,0.003228818
入手,0.003224672
微微一笑,0.003223146
海啸,0.003220113
力量,0.003210698
拿下,0.003203845
不错,0.003178343
居然,0.003165264
上线,0.003161381
复刻,0.003156456
正片,0.003156456
他们,0.003155122
讨厌,0.003151142
哈哈哈哈,0.003112476
响指,0.003109635
顺便,0.003103672
移向,0.003103034
设定,0.003099232
难道,0.003098121
极品,0.003093862
不用,0.003086273
第六,0.003081965
魔龙,0.003070048
say,0.003070048
cv,0.003070048
回提,0.003070048
偷星,0.003070048
boss,0.003070048
高光,0.003070048
50,0.003070048
pick,0.003070048
TP,0.003070048
没人能,0.003070048
oner,0.003070048
ruler,0.003070048
Shine,0.003070048
light,0.003070048
your,0.003070048
life,0.003070048
2024,0.003070048
解神者,0.003070048
开服,0.003070048
ntr,0.003070048
豪赤,0.003070048
藏狐,0.003070048
打码,0.003070048
崩铁,0.003070048
之物,0.003070048
萌新,0.003070048
刷怪,0.003070048
良良,0.003070048
米家,0.003070048
迪卢克,0.003070048
0,0.003070048
zzz,0.003070048
参与感,0.003070048
可莉,0.003070048
补档,0.003070048
龟龟,0.003070048
面白,0.003070048
推薦,0.003070048
散草,0.003070048
女频,0.003070048
dnf,0.003070048
热词,0.003070048
吐槽,0.003070048
开头,0.003069504
年纪,0.003069063
还要,0.003064784
真正,0.00306
唯一,0.003056798
巅峰,0.003047624
哈哈,0.003036242
福报,0.003035757
憋屈,0.003035757
不玩,0.003035757
摧毁,0.003016156
谁谁谁,0.003005509
戏份,0.003005509
还好,0.002997912
所以,0.002988719
五星,0.00298392
账号,0.00298392
结局,0.00298212
每次,0.002976011
生活,0.002975002
怎么样,0.00296985
厂商,0.002969305
最近,0.00296219
离谱,0.002959215
解读,0.002937564
进入,0.002928942
投降,0.002926711
特长,0.002917467
假如,0.002915022
出去,0.002893946
可能,0.002887541
今天,0.002884506
明智,0.002880529
有点,0.002875404
肯定,0.002874895
切菜,0.002874327
像是,0.002865729
五种,0.002864646
赐福,0.002842184
出场,0.002833046
的话,0.002830039
正常,0.002829622
之神,0.002829058
奇书,0.002827505
龙王,0.002827083
讨论,0.00282294
某国,0.002813621
一点,0.002810189
哥们,0.002800448
消失,0.002796799
废物,0.002795237
水军,0.002793458
开工,0.002791916
好听,0.00278299
跳舞,0.002772852
内心,0.00275815
无所谓,0.002755058
才能,0.002750732
大胆,0.002744727
女神,0.002744228
结束,0.002741426
喷发,0.0027412
第三位,0.0027412
加薪,0.002733072
一首歌,0.002733072
热门,0.002732282
改成,0.002726472
不过,0.002725806
服装设计,0.00272338
参与,0.002721697
地震,0.002719619
以前,0.002717746
毕竟,0.002715695
多少,0.002709659
罪犯,0.002702889
疑云,0.002696323
难懂,0.002687902
舞女,0.002687902
伟大,0.002680478
想入,0.002677326
让玩家,0.002677326
失忆,0.002677326
绿帽,0.002677326
太爽了,0.002677326
本质,0.002674569
入侵,0.002672376
歌曲,0.00267108
之剑,0.00266418
忠诚,0.002663893
欢迎,0.002659475
选择,0.002645499
人生,0.002637888
第二位,0.002625952
整个,0.002617618
优秀,0.002613048
总结,0.002604704
所谓,0.002602868
评价,0.002599843
当初,0.002586784
动画,0.002586553
带来,0.002575879
故意,0.002574718
变成,0.002572548
晦涩,0.00256514
一边,0.002555559
里面,0.002552768
怎么办,0.0025448
削除,0.002543823
对线,0.002543823
原因,0.002543314
锦上添花,0.002522635
算是,0.002515096
下去,0.002511543
看来,0.002494121
第一位,0.002494046
实力,0.00248797
根本,0.002485292
相关,0.002483672
笑话,0.002467922
帽子,0.002465998
填个,0.002465729
兽性大发,0.002465729
投币,0.002465729
一款,0.002459666
开荒,0.002457613
社区,0.002457168
要不是,0.002451007
摄像机,0.002447671
天理,0.002447671
上来,0.002441447
待遇,0.002439028
修复,0.002436101
只会,0.002433202
大人,0.00242442
过来,0.002423905
地球,0.002422891
放到,0.002413062
有关,0.002410757
淫巧,0.00241032
美少女,0.00241032
跳转,0.00241032
真是太,0.002405773
角度,0.00240537
人们,0.002404456
火山,0.002396678
对话,0.002393601
分不清,0.002382051
不配,0.002379545
启动,0.002377605
白纸,0.002377064
漂泊者,0.002367342
比拟,0.002365005
历史,0.002364275
生命,0.002363293
现实,0.002362803
工具,0.002356492
兄妹,0.002351244
哪怕,0.002344483
后续,0.002343171
尝试,0.00233927
黄豆,0.002338184
不然,0.002336268
考虑,0.002334019
或者,0.002325551
夫人,0.002318176
值得,0.002318031
除了,0.002315953
好玩,0.0023139
更替,0.002310068
太长,0.002310068
加入,0.002309555
丰富多彩,0.002308172
内容,0.002307395
影响,0.002303189
赔宝,0.002302536
好帅,0.002302536
省流,0.002302536
游是,0.002302536
这群,0.002302536
OP,0.002302536
维娅来,0.002302536
爷晕,0.002302536
......,0.002302536
神里,0.002302536
闲云,0.002302536
原宝,0.002302536
648,0.002302536
...,0.002302536
保研,0.002302536
miHoYo,0.002302536
喜羊羊,0.002302536
Steam,0.002302536
差评,0.002302536
夏活,0.002302536
推塔,0.002302536
能换,0.002302536
兔女郎,0.002302536
Fly,0.002302536
far,0.002302536
耐晕王,0.002302536
原皮,0.002302536
wc,0.002302536
螺号,0.002302536
星轨,0.002302536
用风,0.002302536
怪风,0.002302536
技将,0.002302536
醒后,0.002302536
4fw,0.002302536
净善宫,0.002302536
买买,0.002302536
单出,0.002302536
正机,0.002302536
10,0.002302536
散妮,0.002302536
CP,0.002302536
游社,0.002302536
1,0.002302536
2,0.002302536
3,0.002302536
我滴个,0.002302536
变猴,0.002302536
大派,0.002302536
fw,0.002302536
被妮露,0.002302536
论心,0.002302536
老登,0.002302536
三观,0.002302536
回坑,0.002302536
鬼图,0.002302536
不想,0.002297525
步步,0.002297085
前排,0.002297085
来说,0.002291835
雷电,0.002286457
回来,0.00228392
感动,0.00227824
恶龙,0.002276817
真幸福,0.002276817
点击,0.002268047
实在,0.002266957
散步,0.002261666
机会,0.00225489
那段,0.002247864
三年,0.002247243
母亲,0.002243873
每天,0.002240889
关于,0.002237828
帮助,0.002237693
到底,0.002235225
守护,0.002234766
好评,0.002233352
输出,0.002231568
人物,0.002230451
代表,0.002228974
准备,0.002227741
补偿,0.002223056
无用,0.002220956
进来,0.002216252
表情,0.002210985
神秘,0.00221012
能够,0.002209909
轮回,0.002205309
天天,0.002202996
道歉,0.002200298
朝思暮想,0.002198723
忘记,0.002196854
没什么,0.002195475
解析,0.002194168
地上,0.002189437
童话世界,0.002183307
悬崖,0.002180029
一群,0.00216478
天才,0.00216446
简单,0.002164174
降临,0.002157016
真多,0.002155745
登天,0.002155745
果真,0.002149781
如何,0.002146626
没错,0.002144736
收服,0.002143315
有种,0.00214077
同伴,0.002138809
决定,0.002133352
酣畅淋漓,0.002131638
神游,0.002131638
操作,0.002122042
支线,0.002121809
要么,0.002119082
一键,0.002110215
不住,0.002104714
翻白眼,0.002100336
娇羞,0.002090939
保底,0.002090939
加个,0.002090939
看着,0.002087246
看似,0.002086833
弄坏了,0.002081979
行为,0.002074919
传说,0.002073497
程序员,0.002073417
终于,0.002067344
害怕,0.002065685
玩游戏,0.00206522
享受,0.002059678
垃圾,0.002051844
设置,0.002039581
游泳,0.002035662
目光,0.002034539
安心,0.002030487
没想到,0.002029247
搞笑,0.002028772
预言,0.002027938
不行,0.002025334
小猫,0.002022242
惊喜,0.002014354
明白,0.0020102
方舟,0.002009812
晕过去,0.002009812
不解,0.002005487
玩意,0.002003885
麻辣,0.001998135
破案,0.001998135
差点,0.001996917
第一,0.00199258
一看,0.001986321
哄哄,0.001981849
唉呀,0.001981849
头枕,0.001976713
下来,0.00197169
剧本,0.001971268
认为,0.001969974
爱看,0.001962077
重生,0.001962077
幻想,0.001959831
逛街,0.001957436
卸去,0.001957436
嘟嘟,0.001957436
一堆,0.001955969
多样,0.00195406
特意,0.001952164
对不起,0.001949815
主线,0.0019461
退款,0.001944148
至于,0.001943403
不少,0.001943215
告诉,0.00193378
努力,0.001933392
辛苦,0.001933066
估计,0.001928441
厨子,0.001927746
加大力度,0.001927746
同意,0.001925934
再度,0.00192274
系统,0.001910701
定睛一看,0.001905498
昨天,0.001902553
莱特,0.001902027
暗示,0.00189373
谢谢,0.001893354
碰到,0.001885588
熟睡,0.001882424
九月,0.001869698
要是,0.001859578
一种,0.001856796
反应,0.001855447
牛角,0.001850967
定义,0.00184741
惦记,0.001845761
小时,0.001844469
尊重,0.001839984
比较,0.001838122
犯下,0.00183333
过去,0.00183174
麻利,0.001830938
关系,0.001824169
可谓,0.001818913
经典,0.001813354
逻辑,0.001807107
睡觉,0.001806036
一会,0.001804437
就要,0.001798084
鼓掌,0.001792288
伸手,0.00178998
客观,0.001785254
切出来,0.001784884
洗地,0.001784884
仙人,0.001782798
台词,0.001780955
美德,0.001779129
王国,0.001778925
赶不上,0.001777321
疑似,0.001773754
强度,0.001772279
多好,0.001771995
对比,0.00177111
感受,0.001770412
优化,0.001760599
存在,0.001760598
情怀,0.001756848
头衔,0.00175048
结尾,0.001747374
表达,0.001746232
神明,0.001744316
光速,0.001744316
块钱,0.001744316
拥有,0.001742243
囚犯,0.00173982
红了脸,0.001735425
装出,0.001732551
大于,0.001732224
老婆,0.001723552
期待,0.001722971
叫醒,0.00172012
女性,0.001718561
不许,0.001717802
罪人,0.001717464
人权,0.001713546
买单,0.001709707
注销,0.001705942
默认,0.001704704
尽数,0.001703473
奶嘴,0.001695882
人设,0.001695882
石阵,0.001695882
周朴园,0.001695882
翻唱,0.001695882
一条,0.001694808
就算,0.001694275
入场,0.001689287
太子,0.001687955
幸好,0.001680379
衣物,0.001677142
记录,0.001666286
正好,0.00166474
孩子,0.001663251
招来,0.001662716
吃饭,0.001654911
而是,0.001654865
这是,0.00165317
一根,0.00164832
推回来,0.001643819
联觉,0.001643819
赛博,0.001643819
多多,0.001638492
一生,0.001634938
任何,0.00163218
森林,0.001627365
水准,0.001620932
赶紧,0.001620397
花钱,0.001611573
睁开眼睛,0.001611573
登场,0.001610057
英雄救美,0.00160688
魔神,0.00160688
囚人,0.00160688
这辈子,0.001601922
剩下,0.001601042
损坏,0.00160048
一名,0.001600441
完成,0.001595972
早就,0.001593807
受不了,0.001589311
焦虑,0.001586617
发挥,0.001586089
唱歌,0.001585284
旁边,0.001584844
哎呀,0.001580043
哭哭,0.001578228
美尔,0.001578228
下巴,0.001575571
事情,0.001574583
公司,0.001574492
为啥,0.001573686
高手,0.001564527
保持,0.001558858
背后,0.001558669
赛道,0.001554817
一些,0.001554373
来看,0.001552147
拯救,0.001549065
反转,0.001542572
闹麻,0.001535024
自绿,0.001535024
合解,0.001535024
what,0.001535024
满命,0.001535024
500,0.001535024
神里家,0.001535024
1700,0.001535024
酷狗,0.001535024
带刀,0.001535024
尼禄,0.001535024
错付,0.001535024
ML,0.001535024
还勤,0.001535024
看新,0.001535024
练度,0.001535024
Muc,0.001535024
之翼,0.001535024
jpg,0.001535024
寒兔,0.001535024
我勒个,0.001535024
贩剑,0.001535024
别怨,0.001535024
爱答不理,0.001535024
删评,0.001535024
提一嘴,0.001535024
沸羊羊,0.001535024
换色,0.001535024
出脑,0.001535024
skip,0.001535024
别尬,0.001535024
160,0.001535024
背刺,0.001535024
开喷能,0.001535024
红米,0.001535024
剑魔,0.001535024
大灭,0.001535024
奈特,0.001535024
团战,0.001535024
kanavi,0.001535024
Faker,0.001535024
推太,0.001535024
4.7,0.001535024
NTR,0.001535024
人能,0.001535024
娜薇娅,0.001535024
What,0.001535024
开玩,0.001535024
可莉妈,0.001535024
拥星轨,0.001535024
御姐,0.001535024
我来,0.001535024
当五,0.001535024
Love,0.001535024
SB,0.001535024
那味,0.001535024
耐睡,0.001535024
选女主,0.001535024
神者,0.001535024
不玩来,0.001535024
阿如,0.001535024
成五,0.001535024
没玩过,0.001535024
满级,0.001535024
变五,0.001535024
--,0.001535024
985,0.001535024
我超,0.001535024
T0,0.001535024
抽卡,0.001535024
神作,0.001535024
app,0.001535024
时晕,0.001535024
吃史,0.001535024
露厨,0.001535024
那维,0.001535024
热评,0.001535024
专武,0.001535024
source,0.001535024
xxn,0.001535024
mc,0.001535024
锐评,0.001535024
JPG,0.001535024
塞尔达,0.001535024
已退,0.001535024
記憶,0.001535024
砂漠,0.001535024
毒舌,0.001535024
lol,0.001535024
久世浮,0.001535024
tbe,0.001535024
解斑,0.001535024
我妮,0.001535024
露卡池,0.001535024
阿散,0.001535024
awwbwg,0.001535024
龙傲,0.001535024
发癫,0.001535024
细品,0.001535024
至东,0.001535024
六姓,0.001535024
友商,0.001535024
灵风,0.001535024
混测,0.001535024
6000,0.001535024
瘤子,0.001535024
瑶瑶,0.001535024
他来,0.001535024
26,0.001535024
Atlus,0.001535024
饭点,0.001535024
看个,0.001535024
说妮露,0.001535024
千天,0.001535024
有妮露,0.001535024
音娘,0.001535024
NPC,0.001535024
当女,0.001535024
蒙德人,0.001535024
玩个,0.001535024
散姐,0.001535024
XX,0.001535024
宫斗,0.001535024
cmg,0.001535024
em,0.001535024
充钱,0.001535024
aa,0.001535024
在尬,0.001535024
自机,0.001535024
能拉,0.001535024
违和感,0.001535024
731,0.001535024
太乐,0.001535024
ch,0.001535024
出窍,0.001535024
发力,0.001535024
太有活,0.001535024
主包,0.001535024
证明,0.00153501
路过,0.001533225
你好,0.001532719
东西,0.001532256
好几个,0.001532214
折腾,0.001530208
脑子,0.001528222
两年,0.001526413
起来,0.00152594
大脑,0.001525769
复制,0.001523828
流水,0.001521907
助理,0.001520954
转载,0.001520479
放在,0.001512324
是因为,0.001511135
写出,0.001510315
意见,0.00150953
宝宝,0.001508969
冒险,0.001508523
未来,0.001505726
黑米,0.001502755
马哈,0.001502755
点睛之笔,0.001502755
流萤,0.001502755
同事,0.00150238
监狱,0.001501949
趁着,0.001496427
至少,0.001495038
众人,0.001494244
坚持,0.001493214
梦想,0.001492695
明明,0.00149106
一首,0.00149106
挥手,0.001490247
宣发,0.001489226
拖后腿,0.001489226
对战,0.001489226
滑轨,0.001489226
难受,0.001485838
最好,0.001484205
要求,0.001478733
好好看,0.001476988
大杂烩,0.001476988
抱得,0.001476988
暴雷,0.001476988
纷纷,0.001475871
一块,0.001475797
路边,0.001467336
很久,0.001467336
吸到,0.001465815
私货,0.001465815
往下拉,0.001465815
节日,0.001462361
大伙,0.001460963
从来不,0.001460268
喜爱,0.001459921
不吃,0.001459229
玩吧,0.001455538
火车,0.001455469
相信,0.001453864
很强,0.001452447
标题,0.00145145
舒服,0.001450458
看得,0.001449471
越来越,0.001447568
弄醒,0.001446022
晚安,0.001446022
灯花,0.001446022
变强,0.001446022
职责,0.001445895
可不是,0.001445573
事后,0.001442701
仆人,0.001438316
意义,0.001438084
谁给我,0.001437163
字幕,0.001437163
这点,0.001433424
意志,0.001431921
端木,0.001428876
推送,0.001428876
力气,0.001423998
智慧,0.001423711
场面,0.001422281
腐乳,0.001421092
加上,0.00141981
宇宙,0.001419172
收获,0.001415837
时代,0.001414055
大部分,0.001413881
三包,0.001413753
帽檐,0.001413753
正宫,0.001413753
看过,0.001409869
我家,0.001409335
对于,0.001408771
易懂,0.00140681
离开,0.001402362
整整,0.001401505
羸弱,0.001400224
思考,0.001399722
送给,0.001398711
付出,0.001394226
阳间,0.001387986
犯罪,0.001387451
审核,0.001386265
对待,0.001382753
用心良苦,0.001382278
一天,0.001381841
接下来,0.001377037
首歌,0.001376814
看不下去,0.001376814
维亚,0.001371572
性格,0.001370831
想不到,0.00136996
寻求,0.001368662
总之,0.001367586
手法,0.001367158
举世,0.001366536
炮车,0.001366536
卡洛斯,0.001366536
空灵,0.001366536
好用,0.001366536
后缀,0.00136169
整了,0.00136169
转生,0.00136169
手上,0.001360429
观感,0.00135702
馊主意,0.00135702
品鉴,0.00135702
商品性,0.00135702
吃屎,0.001352514
路线,0.001352137
感到,0.001351303
模板,0.001348161
才艺,0.001348161
只不过,0.001347637
想想,0.001347637
征服,0.001347637
是否,0.001346795
龟壳,0.001343951
攻击性,0.001343951
不先,0.001339874
当然,0.001337361
公事公办,0.001335923
永远都是,0.001335923
杀人犯,0.001335923
地图,0.001335098
这句,0.001332578
亲爹,0.00133209
环境,0.001330769
沟槽,0.001328368
七七,0.001328368
看一遍,0.001324751
有何面目,0.001321233
垂涎,0.001317808
满意,0.00131712
无数,0.00131466
潜质,0.001314473
满分,0.001314473
绿色,0.001314009
禁止,0.001313199
魔法,0.001311222
很大,0.001309697
纷扰,0.001308052
战神,0.001308052
随便,0.001303118
铃铛,0.001301936
没上,0.001301936
修改,0.001300829
一局,0.001296099
再接再厉,0.001296099
这条,0.001293392
肉身,0.001293276
摄影师,0.001293276
凌驾于,0.001290515
以往,0.001289778
情有可原,0.001287812
小草,0.001287812
加载,0.001287812
这场,0.001287218
同时,0.00128661
情况,0.001286351
受众,0.001285164
名画,0.001280027
等到,0.001276901
肤浅,0.001275088
战犯,0.001272688
旁观者,0.001272688
明日,0.001269285
抓住,0.001265966
蚌埠,0.001263512
碰巧,0.001263512
哪儿,0.001261464
卫兵,0.001261317
胡桃,0.001261317
差不多,0.001260477
虚空,0.001259159
兢兢业业,0.001259159
窘境,0.001257037
真实,0.001255859
一套,0.001255021
项目,0.001253937
太难,0.001252895
不够,0.001252055
权利,0.001251819
不掉,0.001250872
心声,0.001250872
纳西,0.001250872
价值,0.001249431
含金量,0.001248882
正确,0.001248439
利刃,0.001246921
神人,0.001246921
实话实说,0.00124499
倒头,0.00124499
火车头,0.00124499
电车,0.001241214
铺路,0.001241214
昏倒,0.001241214
白毛,0.001237545
赔钱,0.001235749
丈夫,0.001235374
允许,0.001235267
关注,0.001234632
变星,0.001233978
爆料,0.001232231
书本,0.001230507
摆脱,0.001230156
意识,0.001229631
自从,0.001229422
做不了,0.001228806
狂喜,0.001228806
恭喜,0.001225471
头像,0.001223835
回头,0.001223241
必须,0.001221132
两只,0.001220924
转发,0.001220625
这才,0.001219825
别急,0.00121905
入土,0.001217493
变化,0.001216274
鸡毛,0.001215955
逍遥,0.001215955
恶魔,0.001215955
动作,0.001214909
各个,0.001211923
求求,0.00121145
跑车,0.00121145
事实,0.001210684
单发,0.001208531
下面,0.001205345
进去,0.001204792
开场,0.001204274
坐骑,0.001201513
魔王,0.001201513
理由,0.001201233
身子,0.001201233
福气,0.001200154
常驻,0.001200154
这么久,0.001200154
衬托,0.001197479
音律,0.001196162
粉丝,0.001196162
题材,0.001192742
战斗,0.001192051
寡人,0.001191025
手机,0.001188718
摇曳,0.001187303
切片,0.001186086
铺垫,0.00118488
得到,0.001183696
不服气,0.001183686
奔赴,0.001182503
精神状态,0.001182503
符合,0.001182055
宿主,0.001180168
抛开,0.001179016
充分,0.001178005
喜好,0.001177875
战俘,0.001172315
男生,0.001172315
旅途,0.001171232
质问,0.001170157
活生生,0.001169092
腾讯,0.001168035
邪恶,0.001165947
翻开,0.001163893
最新,0.001163126
必要,0.001158001
这帮,0.001155988
绝对,0.001155632
民族英雄,0.001155034
有朝一日,0.001153145
傲慢,0.001153145
那套,0.001151285
第一个,0.001149729
下午,0.001149729
高强度,0.00114945
晚上,0.00114835
阴暗,0.001145858
欢快,0.001144099
男人,0.001144002
前期,0.001142796
一桌,0.001142364
真假,0.001140652
第三者,0.001139804
一场,0.001139684
当个,0.001138962
多点,0.001138126
陪伴,0.001135649
围观,0.001135649
态度,0.001135204
地方,0.001134025
没落,0.001132418
四国,0.001132418
中间,0.001131832
烛光,0.001131623
加油,0.001130833
全场,0.001130833
热度,0.001130833
复仇,0.001130048
比如,0.001128828
懒得,0.00112772
属实,0.001126953
过错,0.001126953
一拳,0.001125434
本意,0.001123932
居民,0.001122657
打扰,0.001122448
身边,0.001121937
收下,0.00112098
芜湖,0.001120253
游历,0.001119529
面试,0.001119529
祝福,0.001119529
进到,0.001117383
发生,0.001116833
链接,0.001116676
饱满,0.001115972
安危,0.001115972
播放,0.001115272
负责,0.001113039
美妙,0.001111152
经历,0.001108796
叛徒,0.001107817
乐趣,0.001105857
嗓门,0.001105857
一模一样,0.00110521
样子,0.001104152
味儿,0.001103288
调皮,0.001102654
事件,0.001097126
纯洁,0.001097084
乐园,0.00109648
反思,0.00109528
教育,0.001093681
直到,0.001093629
到头来,0.001092913
庆幸,0.001092913
总是,0.001090959
找到,0.001090449
沉浸,0.001089442
目瞪口呆,0.001088306
罪行,0.001087742
来个,0.00108718
底层,0.001086063
皇帝,0.001082966
和解,0.001082771
一百,0.00108223
联系,0.001080921
好消息,0.00108009
悲伤,0.001079033
贫穷,0.001076428
一阵,0.001076423
多出,0.001073371
误解,0.001073371
流失,0.001069894
坏事,0.001068432
清洗,0.001068432
快活,0.001066986
讨伐,0.001066986
错过,0.001066986
女人,0.001066963
脸红,0.001066032
人文,0.001066032
不干,0.00106321
面前,0.001060324
太过,0.001059089
穿越,0.001058192
第一天,0.001055535
大风,0.001052932
没用,0.001052076
角落,0.001051226
这张,0.001048293
地狱,0.001047056
一顶,0.001046647
试试,0.001046238
侍卫,0.001044618
王子,0.001043816
楼梯,0.001043816
过年,0.001043018
容易,0.001042747
只用,0.001042226
好比,0.001042226
遇上,0.001041438
厌恶,0.001040265
来到,0.001037305
说明,0.001036765
可笑,0.001036432
咱们,0.001036381
通过,0.001036075
县长,0.001034557
正义,0.001031978
莫名其妙,0.001031614
恢复,0.001029142
最终,0.001027887
强行,0.001027674
注意,0.001027594
瞬间,0.001026271
严重,0.001026058
翅膀,0.001023168
旅行,0.001022489
成功,0.001021595
做过,0.001021476
身上,0.001021275
切割,0.001020139
到时候,0.001018815
压低,0.001017179
难怪,0.001017179
点儿,0.001014924
魅力,0.001014286
正是,0.001014264
说话,0.001014127
正式,0.001013716
饲料,0.001012393
说实话,0.001011769
心疼,0.001011457
一刻,0.001011147
一位,0.001008893
之子,0.001008689
温柔,0.001007177
似乎,0.00100707
神圣,0.001006577
素质,0.001006577
氛围,0.001006278
呕吐,0.001004793
一台,0.001004793
比起,0.001001875
你家,0.001001012
浪费,0.001001012
三个,0.001000804
百万,0.000999304
不堪,0.000998178
国土,0.000997618
院里,0.00099623
故乡,0.000995679
抛弃,0.000995679
嘴角,0.00099513
说道,0.000994303
称呼,0.000993228
形容,0.00099269
由于,0.000991413
没事,0.000991088
忽略,0.000990823
大海,0.000990294
塑造,0.000989768
爱国,0.000989506
联想,0.000988722
这段,0.000988202
出现,0.000986895
压力,0.000985904
书籍,0.00098538
看不到,0.000984874
不当,0.000984874
勇敢,0.000984621
老实,0.000984369
礼物,0.000984369
一波,0.000983116
导致,0.000982041
主观,0.000980892
美好,0.000980647
看见,0.000979451
稍微,0.000979188
可爱,0.000978224
委屈,0.000976792
光明,0.000976082
公子,0.000975846
奖励,0.00097282
狠狠,0.00097236
论证,0.000968966
赶上,0.000968298
公式,0.000964792
杀人,0.000964576
灾难,0.000964576
利用,0.000963781
连夜,0.000963715
称为,0.000961815
一期,0.00096159
上次,0.000959498
记住,0.000959084
概括,0.000959084
出色,0.00095744
转动,0.000956424
长得,0.000956221
对抗,0.000955415
保守,0.000953026
看待,0.000953026
别说,0.000952044
小子,0.000949716
全部,0.000949145
某个,0.000948378
不顾,0.000946865
称号,0.000945555
名叫,0.000944813
纯粹,0.000944813
任何人,0.000944628
争议,0.000944259
总算,0.000944075
多人,0.000943525
自我,0.000942794
味道,0.000941887
思维,0.000940986
获得,0.000938155
不信,0.000933656
三次,0.000932811
信仰,0.000931971
自称,0.000929813
方式,0.000924787
基本,0.000924722
数据,0.000920908
夜晚,0.000917875
测试,0.000917725
邀请,0.000916087
道德,0.000915792
要说,0.000915056
不该,0.00091447
特别,0.000914437
环节,0.000913597
干脆,0.000911724
长大,0.000911153
质疑,0.000910444
什么样,0.000909176
技术,0.000908986
出生,0.00090709
桌子,0.000906265
提供,0.000902187
当时,0.000900586
以来,0.000899866
村里,0.00089972
正在,0.000896919
五个,0.000895493
不论,0.000894114
日后,0.000893369
难易度,0.000892442
厨神,0.000892442
会改,0.000892442
黑屏,0.000892442
非过,0.000892442
团建,0.000892442
审判者,0.000892442
一个六十,0.000892442
收藏夹,0.000892442
米洛斯,0.000892442
奥丁,0.000892442
地狱火,0.000892442
好感度,0.000892442
十连,0.000892442
被删,0.000892442
绿谷,0.000892442
卧槽,0.000892442
限流,0.000892442
艾丽丝,0.000892442
刷屏,0.000892442
询问,0.000892381
之类,0.000892258
消化,0.000891645
极其,0.000889583
厉害,0.000889102
重复,0.000888147
不算,0.000887909
理性,0.000887198
指定,0.000886492
运营,0.000886374
合成,0.000885905
话题,0.00088451
出门,0.000883244
见面,0.000876984
原本,0.000876875
用户,0.000876006
一辈子,0.000875466
哪个,0.000873646
英雄,0.000872799
开口,0.000869669
全都,0.000869155
不怕,0.000867828
生气,0.000866614
不停,0.000866614
迎来,0.000866112
表现,0.000865838
引导,0.000862359
最大,0.000862257
动态,0.000861582
想象,0.000860618
这类,0.000859281
收到,0.000857675
适合,0.000855996
其它,0.000853428
部分,0.000849482
监督,0.000848879
不删,0.000847941
无脑,0.000847941
出号,0.000847941
欲购从速,0.000847941
戏码,0.000847941
初心,0.000847941
切到,0.000847941
讨债人,0.000847941
录播,0.000847941
留退路,0.000847941
教科,0.000847941
贻笑大方,0.000847941
网文,0.000847941
奈克,0.000847941
心海,0.000847941
放上来,0.000847941
炽焰,0.000847941
逆流而行,0.000847941
歹话,0.000847941
三件套,0.000847941
平淡无味,0.000847941
男孩儿,0.000847941
回归,0.000845505
看法,0.000845505
前提,0.000844994
怀疑,0.000843221
结婚,0.000842885
放弃,0.000842385
妈妈,0.00084172
两天,0.00084172
不同,0.000840508
排名,0.000839582
主意,0.000838284
不让,0.000838123
之上,0.000837721
关心,0.00083732
学院,0.00083549
双手,0.000835175
好好,0.00083486
国王,0.000832524
自动,0.000832216
数字,0.000831448
完整,0.000830762
交给,0.000830381
相似,0.000830306
道理,0.000828274
论坛,0.000827901
更好,0.000827011
承担,0.000825468
明天,0.00082416
从来,0.000824088
一路,0.000823367
认真,0.000822865
攻击,0.000822294
凯拉,0.00082191
打爆,0.00082191
绿毛龟,0.00082191
彼方,0.00082191
玉玲珑,0.00082191
帝皇,0.00082191
劈叉,0.00082191
虾球,0.00082191
鲁斯坦,0.00082191
第三局,0.00082191
不知其所以然,0.00082191
新名,0.00082191
大剑,0.00082191
入魔,0.00082191
女主播,0.00082191
服从性,0.00082191
人偶,0.00082191
贝多,0.00082191
自闭,0.00082191
天差地别,0.00082191
杀人狂,0.00082191
塞进来,0.00082191
皮套,0.00082191
待查,0.00082191
方面,0.000821092
父母,0.000820244
感情,0.000818641
最初,0.000818503
图片,0.000818503
拒绝,0.000817126
充满,0.000816512
学者,0.000814955
提前,0.000813816
包括,0.000813492
彻底,0.000812555
提醒,0.000811568
强大,0.000809616
区别,0.000809101
还会,0.000806617
习惯,0.000806239
拾破烂,0.00080344
自有公论,0.00080344
太俗,0.00080344
幡然醒悟,0.00080344
众人皆醉,0.00080344
赛诺,0.00080344
东坡肉,0.00080344
忘光,0.00080344
调香,0.00080344
说坏话,0.00080344
努力完成,0.00080344
原曲,0.00080344
滚去,0.00080344
反犹太,0.00080344
瑟斯,0.00080344
原片,0.00080344
三十分钟,0.00080344
泥路,0.00080344
销号,0.00080344
芬妮,0.00080344
忍者,0.00080344
吃宵夜,0.00080344
大结局,0.00080344
心死,0.00080344
强烈建议,0.00080344
死亡,0.000803195
失败,0.000801003
吸引,0.000799682
反而,0.000799502
互相,0.000797079
遇到,0.000792309
挖矿,0.000789114
拍照片,0.000789114
是我太,0.000789114
整场,0.000789114
不洗,0.000789114
匡扶汉,0.000789114
配音演员,0.000789114
凉凉,0.000789114
见上帝,0.000789114
没骨头,0.000789114
刀刀,0.000789114
阅读者,0.000789114
盲人摸象,0.000789114
骆马,0.000789114
后悔不已,0.000789114
飞扑,0.000789114
打广告,0.000789114
贴个,0.000789114
打包带,0.000789114
狼心狗行,0.000789114
胡行,0.000789114
到此一游,0.000789114
神不知,0.000789114
这儿,0.00078668
见到,0.000783691
成长,0.000783375
一半,0.000782483
她们,0.000782222
大陆,0.00077959
打开,0.000778927
果然,0.000778167
几年,0.000777814
情绪,0.000777713
讲道德,0.000777409
主控,0.000777409
太甜,0.000777409
隐射,0.000777409
赏析,0.000777409
专业课,0.000777409
躺躺,0.000777409
策杖,0.000777409
很爽,0.000777409
大佐,0.000777409
健步如飞,0.000777409
替换成,0.000777409
七叶,0.000777409
四十多万,0.000777409
摆件,0.000777409
穆兰,0.000777409
正反馈,0.000777409
鉴赏家,0.000777409
微醺,0.000777409
一个名,0.000777409
全站,0.000777409
担任,0.000777261
责任,0.00077661
想起,0.000773698
申请,0.000772919
将军,0.000772677
高度,0.000772145
异常,0.000769899
东方,0.00076971
竟然,0.000769662
纯爽,0.000767512
av,0.000767512
ta,0.000767512
不黑,0.000767512
原鸨,0.000767512
man,0.000767512
耐晕,0.000767512
游开盒,0.000767512
别信,0.000767512
高命,0.000767512
600,0.000767512
七神,0.000767512
三传,0.000767512
主伤,0.000767512
重而亡,0.000767512
成神用,0.000767512
改点,0.000767512
别乱,0.000767512
爆似,0.000767512
结着,0.000767512
牛头人,0.000767512
隐姦,0.000767512
为酷,0.000767512
tx,0.000767512
美团,0.000767512
宝是,0.000767512
超甜,0.000767512
快来入,0.000767512
U1S1,0.000767512
爽爽,0.000767512
tm,0.000767512
还响,0.000767512
商单,0.000767512
邮政车,0.000767512
能装,0.000767512
抱不平,0.000767512
散厨,0.000767512
周洪滨,0.000767512
人鸣言,0.000767512
米桑想,0.000767512
这三,0.000767512
tp,0.000767512
他续,0.000767512
开喷换,0.000767512
一创,0.000767512
漫里,0.000767512
玩原,0.000767512
这头,0.000767512
盾抗,0.000767512
挂水,0.000767512
双扩,0.000767512
出伤,0.000767512
味大,0.000767512
罄竹难书,0.000767512
仓里,0.000767512
制给,0.000767512
删王,0.000767512
超神级,0.000767512
宝太,0.000767512
宝能,0.000767512
Block,0.000767512
一黑,0.000767512
能玩到,0.000767512
对米,0.000767512
米爷,0.000767512
游在,0.000767512
推都,0.000767512
推不掉,0.000767512
高管,0.000767512
遭过,0.000767512
教事,0.000767512
太多本,0.000767512
诚祝,0.000767512
100000,0.000767512
凑活,0.000767512
小红书,0.000767512
5.8,0.000767512
终焉,0.000767512
归始,0.000767512
中来,0.000767512
米系,0.000767512
贵贵,0.000767512
淘尽,0.000767512
会带,0.000767512
安柏,0.000767512
保研卷,0.000767512
绩点,0.000767512
没保研,0.000767512
新邮件,0.000767512
进面,0.000767512
答不上,0.000767512
555,0.000767512
厨辣,0.000767512
叠个,0.000767512
赤完,0.000767512
霸牛,0.000767512
大刷怪,0.000767512
sbzx,0.000767512
之媳嘛,0.000767512
apex,0.000767512
首充,0.000767512
那塔,0.000767512
再来点,0.000767512
no,0.000767512
吃少,0.000767512
盲猜,0.000767512
复制粘贴,0.000767512
纯小,0.000767512
厨米家,0.000767512
包卖,0.000767512
厕滑,0.000767512
下大,0.000767512
棋二缺,0.000767512
md,0.000767512
皱皮,0.000767512
真不熟,0.000767512
NL,0.000767512
LOVE,0.000767512
dm,0.000767512
ys,0.000767512
懂王,0.000767512
救美,0.000767512
宕机,0.000767512
先三后,0.000767512
当原,0.000767512
改人设,0.000767512
39,0.000767512
time,0.000767512
take,0.000767512
rest,0.000767512
开跳,0.000767512
Take,0.000767512
breath,0.000767512
Imagine,0.000767512
bright,0.000767512
blue,0.000767512
sky,0.000767512
Beyond,0.000767512
clouds,0.000767512
最盛,0.000767512
高鳴,0.000767512
心共,0.000767512
998,0.000767512
姐仁,0.000767512
影影,0.000767512
XP,0.000767512
我缺,0.000767512
爽文,0.000767512
狂刷,0.000767512
npc,0.000767512
猛猛开,0.000767512
说成,0.000767512
对爷,0.000767512
无锋剑,0.000767512
Taffy,0.000767512
毁毁,0.000767512
初闻,0.000767512
用长,0.000767512
太纯,0.000767512
人出,0.000767512
还拿辛,0.000767512
独醒,0.000767512
神同,0.000767512
撞树,0.000767512
我求,0.000767512
当耐晕,0.000767512
树洗,0.000767512
男加,0.000767512
跟黛烟,0.000767512
太像,0.000767512
拥簇,0.000767512
只生,0.000767512
不养,0.000767512
问天,0.000767512
价会,0.000767512
金号,0.000767512
5%,0.000767512
价打,0.000767512
1000,0.000767512
号价,0.000767512
赤赤,0.000767512
软妹币,0.000767512
单品,0.000767512
日活,0.000767512
赢麻,0.000767512
这盘,0.000767512
三赢,0.000767512
我付,0.000767512
完款,0.000767512
耐救王,0.000767512
耐绿王,0.000767512
侠五,0.000767512
大睡,0.000767512
胡喊,0.000767512
r18,0.000767512
地摘,0.000767512
大飞,0.000767512
使窝,0.000767512
男哥,0.000767512
fate,0.000767512
ggb,0.000767512
刚开,0.000767512
服要,0.000767512
来古,0.000767512
号练度,0.000767512
这云,0.000767512
油里,0.000767512
這劇情,0.000767512
翻開,0.000767512
覆蓋,0.000767512
全變,0.000767512
成石,0.000767512
白工,0.000767512
還要,0.000767512
關鍵,0.000767512
還吐,0.000767512
已經,0.000767512
友商带,0.000767512
14,0.000767512
24,0.000767512
黑盒,0.000767512
70,0.000767512
异象,0.000767512
忽得,0.000767512
納塔,0.000767512
180,0.000767512
凉苦,0.000767512
力出,0.000767512
成圣,0.000767512
轰杀,0.000767512
太棒,0.000767512
私权,0.000767512
听令,0.000767512
神里家会,0.000767512
五传会,0.000767512
似掉,0.000767512
狼王,0.000767512
剩残魂,0.000767512
四风,0.000767512
星核,0.000767512
但罪,0.000767512
黑而,0.000767512
出大雷,0.000767512
不拉,0.000767512
泪目,0.000767512
Gen,0.000767512
夏洛特,0.000767512
成精,0.000767512
放妮露,0.000767512
弥希,0.000767512
Miki,0.000767512
洗白开,0.000767512
今州,0.000767512
大少,0.000767512
BV1iF411y7Ks,0.000767512
火大剑,0.000767512
空大卢,0.000767512
逃课,0.000767512
疯鸭剑,0.000767512
雷荧,0.000767512
玉横星,0.000767512
雷神刻,0.000767512
阿斯托,0.000767512
莫娜,0.000767512
梅姬斯,0.000767512
增伤,0.000767512
破音,0.000767512
太陽能,0.000767512
攝像頭,0.000767512
陽光,0.000767512
開朗見,0.000767512
證者,0.000767512
跳崖,0.000767512
jdg,0.000767512
欲西,0.000767512
划然变,0.000767512
没雁云,0.000767512
横楚,0.000767512
妈唤,0.000767512
欣良时,0.000767512
何坚刚,0.000767512
愿米桑,0.000767512
微博,0.000767512
解挂,0.000767512
过正机,0.000767512
但树,0.000767512
一撞,0.000767512
秘境,0.000767512
没拉到,0.000767512
战龙时,0.000767512
断处,0.000767512
蒙离断,0.000767512
听妮露,0.000767512
蒙德邪,0.000767512
幼狼,0.000767512
蒙德二杀,0.000767512
兽娘,0.000767512
gvJh7f5,0.000767512
黑深,0.000767512
av924224779,0.000767512
av241795684,0.000767512
store,0.000767512
steampowered,0.000767512
2143680,0.000767512
连米,0.000767512
我愿,0.000767512
83,0.000767512
送头,0.000767512
打脸,0.000767512
矢愿,0.000767512
原神成,0.000767512
黑后,0.000767512
虫且,0.000767512
第四席,0.000767512
真镜,0.000767512
巨史,0.000767512
看原,0.000767512
活才,0.000767512
开洗,0.000767512
发盆友费,0.000767512
我元神,0.000767512
荆格兰索,0.000767512
史莱姆,0.000767512
萌物,0.000767512
透明人,0.000767512
太惨,0.000767512
散爷,0.000767512
搞了半天,0.000767512
散解,0.000767512
攝像機,0.000767512
我應,0.000767512
車底,0.000767512
不應,0.000767512
車裡,0.000767512
看著,0.000767512
黑醋,0.000767512
当爽,0.000767512
我读,0.000767512
来刷,0.000767512
东跑,0.000767512
西费,0.000767512
这不入,0.000767512
我头,0.000767512
包乐,0.000767512
牛神,0.000767512
就别,0.000767512
光放,0.000767512
欧斯利,0.000767512
三刷,0.000767512
看爽,0.000767512
灭鬼,0.000767512
BV1gH4y1c7Vw,0.000767512
share,0.000767512
copy,0.000767512
web,0.000767512
amp,0.000767512
vd,0.000767512
831702173abeb0c3f2a68065d01fb942,0.000767512
二游大,0.000767512
萧炎,0.000767512
cmgch,0.000767512
粉们,0.000767512
到妮露,0.000767512
15.12,0.000767512
超龙级,0.000767512
满命龙,0.000767512
少前,0.000767512
我尝过,0.000767512
当狗,0.000767512
没散,0.000767512
卡钱,0.000767512
Up,0.000767512
子涵,0.000767512
114514,0.000767512
但头,0.000767512
包救,0.000767512
无散,0.000767512
不欢,0.000767512
纯享,0.000767512
博人传,0.000767512
川木当,0.000767512
领好,0.000767512
4.1,0.000767512
4.2,0.000767512
芙宁娜,0.000767512
4.6,0.000767512
真成空,0.000767512
荧了,0.000767512
龙血,0.000767512
日漫,0.000767512
UID,0.000767512
260016903,0.000767512
元神,0.000767512
星铁,0.000767512
招盒,0.000767512
米国,0.000767512
删号,0.000767512
BV12W421X7xK,0.000767512
共赏,0.000767512
BA,0.000767512
FW,0.000767512
暴论,0.000767512
37,0.000767512
幻塔,0.000767512
立绘,0.000767512
星原,0.000767512
异环,0.000767512
沃砍,0.000767512
BV1xK8be4EeT,0.000767512
32,0.000767512
以瑟,0.000767512
一瑟,0.000767512
辈瑟,0.000767512
快用,0.000767512
日话,0.000767512
社管,0.000767512
改竄,0.000767512
高潔,0.000767512
言論,0.000767512
上書,0.000767512
言葉,0.000767512
誹謗,0.000767512
問題,0.000767512
xswl,0.000767512
S13,0.000767512
JDG,0.000767512
VS,0.000767512
T1,0.000767512
咳咳,0.000767512
柯莱多,0.000767512
精剪,0.000767512
能火,0.000767512
这比,0.000767512
s13,0.000767512
100,0.000767512
100985312,0.000767512
展示柜,0.000767512
41,0.000767512
米社,0.000767512
排个,0.000767512
光翼,0.000767512
战姬,0.000767512
黄木人,0.000767512
蓝木人,0.000767512
迪希雅,0.000767512
带土,0.000767512
知其然,0.000767512
新夏活,0.000767512
带宝,0.000767512
原神能,0.000767512
天鸣潮,0.000767512
一波散,0.000767512
散露,0.000767512
拉满,0.000767512
抢戏,0.000767512
反麻,0.000767512
依着,0.000767512
满是,0.000767512
记佳,0.000767512
游不欠,0.000767512
幸苦,0.000767512
21,0.000767512
预判,0.000767512
帽宝,0.000767512
你品,0.000767512
蒙得,0.000767512
当妮露,0.000767512
伞冰,0.000767512
ntrman,0.000767512
终此,0.000767512
棍勇,0.000767512
屠村,0.000767512
受任,0.000767512
国崩,0.000767512
一姓,0.000767512
丹羽,0.000767512
倾奇,0.000767512
二姓,0.000767512
冰神令,0.000767512
其任,0.000767512
自号,0.000767512
四姓,0.000767512
旅者,0.000767512
败之起,0.000767512
五姓,0.000767512
苟合,0.000767512
古有,0.000767512
西山居,0.000767512
扣一送,0.000767512
111,0.000767512
保真,0.000767512
太刀,0.000767512
4P,0.000767512
戴因,0.000767512
2233,0.000767512
我云,0.000767512
完新,0.000767512
更逆天,0.000767512
飞卢,0.000767512
最出,0.000767512
黑阿帽,0.000767512
一城,0.000767512
两港,0.000767512
黑充,0.000767512
纯法,0.000767512
放俩,0.000767512
大斧,0.000767512
碎木,0.000767512
薛之谦,0.000767512
不滚,0.000767512
这米,0.000767512
游糖,0.000767512
因论,0.000767512
无引战,0.000767512
TMD,0.000767512
条狗,0.000767512
堪比,0.000767512
唐完,0.000767512
双厨,0.000767512
连爷,0.000767512
千织,0.000767512
梦音,0.000767512
摺纸,0.000767512
达瓦,0.000767512
-_--,0.000767512
PMAHOMES15,0.000767512
160410,0.000767512
20,0.000767512
16,0.000767512
按头,0.000767512
read,0.000767512
cv36212736,0.000767512
吕木,0.000767512
杜林太蠢,0.000767512
小杜林,0.000767512
比永雏塔菲,0.000767512
更爽,0.000767512
有米,0.000767512
玩米,0.000767512
绿奴,0.000767512
安卡,0.000767512
胖次,0.000767512
口活,0.000767512
爽死,0.000767512
黑商单,0.000767512
粉转,0.000767512
转粉,0.000767512
颜值,0.000767512
硬装大角,0.000767512
loli,0.000767512
唐哥,0.000767512
别洗,0.000767512
逆袭,0.000767512
买妮露,0.000767512
里大派,0.000767512
实锤,0.000767512
cpu,0.000767512
干烧,0.000767512
哈人,0.000767512
冲烂,0.000767512
求死,0.000767512
知是,0.000767512
论迹,0.000767512
牛批,0.000767512
master,0.000767512
无母,0.000767512
人厌,0.000767512
j8,0.000767512
烂活,0.000767512
万粉,0.000767512
省流版,0.000767512
成史,0.000767512
抽新,0.000767512
那罗,0.000767512
加戏,0.000767512
BV1vW421N7Y1,0.000767512
BV1BHb3ebEaN,0.000767512
特瓦林,0.000767512
BV1mm421V7sT,0.000767512
CZAr6d3,0.000767512
宝可梦,0.000767512
Atlus01,0.000767512
25,0.000767512
av1053805476,0.000767512
2,0.000767512
av1705676254,0.000767512
太乱,0.000767512
就点,0.000767512
38,0.000767512
可若,0.000767512
为究极,0.000767512
草国能,0.000767512
yDkwytd,0.000767512
69,0.000767512
卡是,0.000767512
小云凝空,0.000767512
29,0.000767512
ERuTaQ5,0.000767512
壓根,0.000767512
劇情,0.000767512
真女,0.000767512
av825936417,0.000767512
28,0.000767512
19,0.000767512
51,0.000767512
LML,0.000767512
传送门,0.000767512
好刀,0.000767512
43,0.000767512
前十,0.000767512
看红温,0.000767512
不敢想像,0.000767512
玩会,0.000767512
露粉,0.000767512
1366,0.000767512
满命妮露,0.000767512
算在里面,0.000767512
选男,0.000767512
当龟,0.000767512
这气,0.000767512
红温,0.000767512
找米桑,0.000767512
我弃,0.000767512
碰瓷,0.000767512
女同,0.000767512
漏个面,0.000767512
散尼摘,0.000767512
组就换,0.000767512
创物,0.000767512
三消,0.000767512
塔防,0.000767512
集换式,0.000767512
卡牌,0.000767512
尼露,0.000767512
牛头不对马嘴,0.000767512
亲个,0.000767512
牵个,0.000767512
不卖,0.000767512
创买量,0.000767512
强太多,0.000767512
感不,0.000767512
刷到,0.000767512
双满,0.000767512
人鱼国,0.000767512
鱼们,0.000767512
发糖,0.000767512
漫客,0.000767512
原神锁,0.000767512
妖塔,0.000767512
别放,0.000767512
事抱,0.000767512
撕卡,0.000767512
拙见,0.000767512
咱从,0.000767512
早卖,0.000767512
黑越,0.000767512
打越,0.000767512
反主,0.000767512
完提,0.000767512
有报,0.000767512
日轻,0.000767512
论是,0.000767512
玩尘白,0.000767512
而战,0.000767512
低幼,0.000767512
没原,0.000767512
神商单,0.000767512
我整,0.000767512
再玩米,0.000767512
op,0.000767512
今汐,0.000767512
不香,0.000767512
nt,0.000767512
京吹,0.000767512
九美子,0.000767512
黑江真,0.000767512
原神里,0.000767512
推图,0.000767512
爷救,0.000767512
杜林成,0.000767512
杜林去,0.000767512
图甜,0.000767512
屯到,0.000767512
典完,0.000767512
清榜,0.000767512
融号,0.000767512
ri,0.000767512
ben,0.000767512
流莹,0.000767512
把绫华,0.000767512
跳反,0.000767512
211,0.000767512
看女,0.000767512
频宫斗,0.000767512
人会,0.000767512
热榜,0.000767512
zng,0.000767512
频法,0.000767512
频文,0.000767512
金句,0.000767512
刚入,0.000767512
母仪天下,0.000767512
一众,0.000767512
林尼,0.000767512
夜兰,0.000767512
绫华,0.000767512
申鹤,0.000767512
游充,0.000767512
显卡,0.000767512
环香,0.000767512
鹿乃,0.000767512
比心,0.000767512
发没,0.000767512
理之律者,0.000767512
人加,0.000767512
e10312,0.000767512
没晕,0.000767512
全在妮露,0.000767512
排全,0.000767512
太难受,0.000767512
阿萤,0.000767512
阿空,0.000767512
眼去,0.000767512
心去,0.000767512
库洛,0.000767512
训狗,0.000767512
进卡池,0.000767512
每一波,0.000767512
成傲,0.000767512
新入,0.000767512
蒙才,0.000767512
可太多,0.000767512
色批,0.000767512
元梦,0.000767512
LOL,0.000767512
py,0.000767512
害行,0.000767512
比完,0.000767512
我本,0.000767512
破大防,0.000767512
那罗挺,0.000767512
心不痛,0.000767512
恰饭,0.000767512
欢夏,0.000767512
童话国,0.000767512
花酿,0.000767512
治炼,0.000767512
天守阁,0.000767512
众向,0.000767512
树中,0.000767512
中阿散,0.000767512
妻里,0.000767512
众中,0.000767512
世浮卿,0.000767512
难藏泪,0.000767512
二次元,0.000767512
男宅,0.000767512
高练度,0.000767512
满星,0.000767512
可谈,0.000767512
死狗,0.000767512
变臭,0.000767512
推完,0.000767512
....,0.000767512
rpg,0.000767512
从原,0.000767512
差不差,0.000767512
中好,0.000767512
xg,0.000767512
机哥,0.000767512
空荧,0.000767512
说空,0.000767512
荧是,0.000767512
喜灰,0.000767512
拿祟神,0.000767512
神之心,0.000767512
主播,0.000767512
wb,0.000767512
黑原,0.000767512
救时,0.000767512
祈无空痞,0.000767512
sksaikou,0.000767512
只聊,0.000767512
赖床,0.000767512
快退,0.000767512
tieba,0.000767512
baidu,0.000767512
9099371920,0.000767512
走棍,0.000767512
勇线,0.000767512
BV1yy411e7NR,0.000767512
群里,0.000767512
你币,0.000767512
我能,0.000767512
个星辉,0.000767512
抽俩,0.000767512
太绝,0.000767512
真爽,0.000767512
手欠,0.000767512
整笑,0.000767512
补二命,0.000767512
男频,0.000767512
爆豪,0.000767512
ps,0.000767512
天弃,0.000767512
50r,0.000767512
某游,0.000767512
赞数,0.000767512
抽妮露,0.000767512
3.6,0.000767512
听相声,0.000767512
天呐,0.000767512
空哥,0.000767512
旋退,0.000767512
ex,0.000767512
诞祭,0.000767512
万赞,0.000767512
彩蛋,0.000767512
硬控,0.000767512
活又活,0.000767512
多任,0.000767512
草神会,0.000767512
这活,0.000767512
录屏,0.000767512
听歌,0.000767512
結尾,0.000767512
再蠢,0.000767512
蠢到,0.000767512
卖皮,0.000767512
抬到,0.000767512
好乐,0.000767512
四杰,0.000767512
五宝,0.000767512
屠版,0.000767512
我组,0.000767512
睡够,0.000767512
力会用,0.000767512
会开,0.000767512
配写,0.000767512
就兰,0.000767512
原神独,0.000767512
晕遍,0.000767512
帽桑得,0.000767512
杀个,0.000767512
硬造,0.000767512
钟夜,0.000767512
起过,0.000767512
取关,0.000767512
内鬼放个,0.000767512
前贴,0.000767512
恶趣味,0.000767512
人洗,0.000767512
夸菜,0.000767512
转黑,0.000767512
最乐,0.000767512
崩铁有,0.000767512
神中神,0.000767512
神之嘴,0.000767512
gopro,0.000767512
制作组,0.000767512
金无,0.000767512
發聲,0.000767512
必將,0.000767512
三連,0.000767512
沒幣,0.000767512
也點,0.000767512
充过,0.000767512
多托雷,0.000767512
抓回,0.000767512
至冬,0.000767512
沟史,0.000767512
我测,0.000767512
微博来,0.000767512
太逆天,0.000767512
崩三爱莉,0.000767512
艾利欧,0.000767512
精简版,0.000767512
性转,0.000767512
当赏,0.000767512
肝原,0.000767512
太连吐槽,0.000767512
我用,0.000767512
时换,0.000767512
woc,0.000767512
补币,0.000767512
31,0.000767512
我以,0.000767512
召唤术,0.000767512
nm,0.000767512
急咯,0.000767512
你算个,0.000767512
原神同,0.000767512
志杰,0.000767512
蒙救,0.000767512
发么,0.000767512
服号,0.000767512
80,0.000767512
lpl,0.000767512
三连后,0.000767512
204,0.000767512
我点,0.000767512
再多来,0.000767512
高赞,0.000767512
究竟,0.000766717
回去,0.000763251
合理,0.000762757
投入,0.000760316
多次,0.000760052
几天,0.000759614
高维,0.000758939
噩梦般,0.000758939
改修,0.000758939
推演出来,0.000758939
猫猫,0.000758939
捏着鼻子,0.000758939
贯彻到底,0.000758939
吃香的喝辣的,0.000758939
阴阳人,0.000758939
理科生,0.000758939
誓死捍卫,0.000758939
这歌,0.000758939
即将,0.000758482
怎样,0.000757963
自由,0.000757618
对象,0.000757446
当年,0.000756589
作品,0.000755144
自身,0.000754219
阅读,0.000753925
作者,0.000753842
局外,0.000751377
改好,0.000751377
室友,0.000751377
友好相处,0.000751377
挨揍,0.000751377
登龙,0.000751377
掐灭,0.000751377
马赛克,0.000751377
忍忍,0.000751377
三从四德,0.000751377
弥天大罪,0.000751377
浪子回头,0.000751377
片场,0.000751377
借个,0.000751377
挂上去,0.000751377
买账,0.000751377
会选,0.000751377
洗脑,0.000751377
前半生,0.000751377
颂词,0.000751377
四五次,0.000751377
在于,0.000745349
发出,0.000745075
顺带,0.000744613
坑人,0.000744613
第二遍,0.000744613
垂怜,0.000744613
没醒,0.000744613
引以为傲,0.000744613
气死我了,0.000744613
米厂,0.000744613
登过,0.000744613
老鼠屎,0.000744613
花神,0.000744613
愚者,0.000744613
贴画,0.000744613
限制,0.000743638
不管,0.0007426
搞不懂,0.000738494
看不看,0.000738494
下学期,0.000738494
参考文献,0.000738494
角色扮演,0.000738494
手压,0.000738494
逗我,0.000738494
品德高尚,0.000738494
荆轲,0.000738494
编好,0.000738494
摸鱼,0.000738494
站位,0.000738494
锁死,0.000738494
次次,0.000738494
全对,0.000738494
听到,0.000736942
推进,0.000736685
不识好歹,0.000732908
五中,0.000732908
雅塔,0.000732908
傻小子,0.000732908
随大流,0.000732908
神会,0.000732908
发送给,0.000732908
马戏团,0.000732908
里氏,0.000732908
震天响,0.000732908
无父,0.000732908
第一集,0.000732908
看得懂,0.000732908
图里,0.000732908
勾连,0.000732908
缓存,0.000732908
开溜,0.000732908
年底,0.000728399
先手,0.000727769
一片苦心,0.000727769
太棒了,0.000727769
西宫,0.000727769
您们,0.000727769
说好听,0.000727769
蓝白,0.000727769
养养,0.000727769
娇妻,0.000727769
解锁,0.000727769
童话故事,0.000727769
抄下,0.000727769
锅汤,0.000727769
后妈,0.000727769
担心,0.00072555
交个,0.000723011
终末,0.000723011
买断,0.000723011
吃得开,0.000723011
带劲,0.000723011
庙堂之上,0.000723011
奴颜婢膝,0.000723011
撑死,0.000723011
人类,0.000722992
不得,0.000722402
反对,0.000719617
前嫌,0.000718582
大快朵颐,0.000718582
中醒,0.000718582
秃子,0.000718582
半决赛,0.000718582
出列,0.000718582
近有,0.000718582
斯卡,0.000718582
米粮,0.000718582
进行,0.000717859
思想,0.000717458
立刻,0.000716329
提升,0.000715365
小松,0.000714438
咸鱼,0.000714438
挥拳,0.000714438
苛责,0.000714438
越多越,0.000714438
整出,0.000714438
小鬼子,0.000714438
很棒,0.000714438
拉姆齐,0.000714438
打杂,0.000714438
主唱,0.000714438
也许,0.000714316
推荐,0.000712122
第二,0.000711639
打嗝,0.000710546
无厘头,0.000710546
邪教,0.000710546
捡回,0.000710546
人人喊打,0.000710546
迎难而上,0.000710546
喂狗,0.000710546
圆规,0.000710546
十五分钟,0.000710546
自作多情,0.000706876
笨手笨脚,0.000706876
昏聩,0.000706876
一抱,0.000706876
一乐,0.000706876
迸发出,0.000706876
叭叭,0.000706876
吃糖,0.000706876
停过,0.000706876
过场,0.000706876
秉政,0.000706876
开发者,0.000706876
散光,0.000706876
瞎扯,0.000706876
不可,0.000703561
绝世,0.000703405
灭门,0.000703405
封印,0.000703405
日货,0.000703405
环环相扣,0.000703405
跳过去,0.000703405
交汇点,0.000703405
红蓝,0.000703405
口诛笔伐,0.000703405
小巫见大巫,0.000703405
改一改,0.000703405
薄纱,0.000703405
正当性,0.000703405
硬气,0.000703405
侧滑,0.000703405
指桑骂槐,0.000703405
拉人,0.000700112
周知,0.000700112
虾仁,0.000700112
司掌,0.000700112
释怀,0.000700112
放暑假,0.000700112
本当,0.000700112
不知所云,0.000700112
万念俱灰,0.000700112
歪嘴,0.000700112
食禄,0.000700112
再次,0.000699637
